Nombre,Apellido,DNI,Email,Contraseña
Encarna,Donaire,49877134,encarna.donaire1@correo.com,Contraseña123
Jose Ignacio,Canales,98778810,jose ignacio.canales2@correo.com,Contraseña123
José,Sebastián,80095714,josé.sebastián3@correo.com,Contraseña123
Priscila,Vilar,94128750,priscila.vilar4@correo.com,Contraseña123
Epifanio,Ríos,62958342,epifanio.ríos5@correo.com,Contraseña123
Cipriano,Sastre,49889941,cipriano.sastre6@correo.com,Contraseña123
Gerónimo,Alcalá,55549753,gerónimo.alcalá7@correo.com,Contraseña123
Odalis,Estévez,93023722,odalis.estévez8@correo.com,Contraseña123
Clara,Prada,67127313,clara.prada9@correo.com,Contraseña123
Azahara,Espada,38665213,azahara.espada10@correo.com,Contraseña123
Nadia,Martorell,35648580,nadia.martorell11@correo.com,Contraseña123
Eduardo,Galán,13470698,eduardo.galán12@correo.com,Contraseña123
Elvira,Fábregas,62811389,elvira.fábregas13@correo.com,Contraseña123
Pablo,Donaire,12849747,pablo.donaire14@correo.com,Contraseña123
Rufino,Cózar,52352098,rufino.cózar15@correo.com,Contraseña123
Jose Francisco,Vallés,51420801,jose francisco.vallés16@correo.com,Contraseña123
Martina,Almeida,62205273,martina.almeida17@correo.com,Contraseña123
Borja,Oliva,54120801,borja.oliva18@correo.com,Contraseña123
Jacobo,Roca,19948765,jacobo.roca19@correo.com,Contraseña123
Ruy,Pozuelo,11545294,ruy.pozuelo20@correo.com,Contraseña123
Manolo,Chamorro,98717970,manolo.chamorro21@correo.com,Contraseña123
Dionisia,Ruiz,92027613,dionisia.ruiz22@correo.com,Contraseña123
Hortensia,Lozano,54239854,hortensia.lozano23@correo.com,Contraseña123
Sabas,Ayala,20116758,sabas.ayala24@correo.com,Contraseña123
Calixto,Donoso,74055653,calixto.donoso25@correo.com,Contraseña123
Ainoa,Benet,44420606,ainoa.benet26@correo.com,Contraseña123
Olalla,Valcárcel,71997262,olalla.valcárcel27@correo.com,Contraseña123
Celestina,Infante,82938092,celestina.infante28@correo.com,Contraseña123
Clementina,Abella,39628195,clementina.abella29@correo.com,Contraseña123
Herminia,Solana,29766336,herminia.solana30@correo.com,Contraseña123
Ildefonso,Gil,89154330,ildefonso.gil31@correo.com,Contraseña123
Juan,Cárdenas,75980951,juan.cárdenas32@correo.com,Contraseña123
Juan Francisco,Vilanova,26893012,juan francisco.vilanova33@correo.com,Contraseña123
Ignacia,Uría,76350822,ignacia.uría34@correo.com,Contraseña123
Íñigo,Arévalo,90041202,íñigo.arévalo35@correo.com,Contraseña123
Clarisa,Montenegro,50310747,clarisa.montenegro36@correo.com,Contraseña123
Olalla,Feijoo,63984674,olalla.feijoo37@correo.com,Contraseña123
Julio,Sainz,70713046,julio.sainz38@correo.com,Contraseña123
Jafet,Casal,70063846,jafet.casal39@correo.com,Contraseña123
Isaías,Ramón,33000655,isaías.ramón40@correo.com,Contraseña123
Bartolomé,Marco,63525222,bartolomé.marco41@correo.com,Contraseña123
María Del Carmen,Baena,29047011,maría del carmen.baena42@correo.com,Contraseña123
Liliana,Carranza,35112354,liliana.carranza43@correo.com,Contraseña123
Benjamín,Cuenca,49390844,benjamín.cuenca44@correo.com,Contraseña123
Nicodemo,Pascual,11780018,nicodemo.pascual45@correo.com,Contraseña123
René,Ayuso,57682690,rené.ayuso46@correo.com,Contraseña123
Édgar,Manso,46020289,édgar.manso47@correo.com,Contraseña123
Vidal,Carreño,53014236,vidal.carreño48@correo.com,Contraseña123
Iris,Casanova,32765246,iris.casanova49@correo.com,Contraseña123
Borja,Mayol,51769140,borja.mayol50@correo.com,Contraseña123
Ester,Orozco,98443977,ester.orozco51@correo.com,Contraseña123
José Mari,Dueñas,67781805,josé mari.dueñas52@correo.com,Contraseña123
Marcos,Pinedo,83170373,marcos.pinedo53@correo.com,Contraseña123
Perla,Ríos,65072694,perla.ríos54@correo.com,Contraseña123
Anastasia,Farré,54197769,anastasia.farré55@correo.com,Contraseña123
Rosaura,Paz,26252006,rosaura.paz56@correo.com,Contraseña123
Araceli,Manzano,66264474,araceli.manzano57@correo.com,Contraseña123
Francisco,Sabater,96703428,francisco.sabater58@correo.com,Contraseña123
Erasmo,Mur,76296874,erasmo.mur59@correo.com,Contraseña123
Francisco Jose,Nuñez,75393519,francisco jose.nuñez60@correo.com,Contraseña123
Leocadio,Rebollo,56856193,leocadio.rebollo61@correo.com,Contraseña123
Aurora,Domínguez,88952896,aurora.domínguez62@correo.com,Contraseña123
Lola,Asenjo,55856386,lola.asenjo63@correo.com,Contraseña123
Juan Antonio,Benito,14858454,juan antonio.benito64@correo.com,Contraseña123
Jose Miguel,Cerdá,50433262,jose miguel.cerdá65@correo.com,Contraseña123
Joel,Velázquez,98735584,joel.velázquez66@correo.com,Contraseña123
Trinidad,Beltrán,11667733,trinidad.beltrán67@correo.com,Contraseña123
Pilar,Arteaga,18330625,pilar.arteaga68@correo.com,Contraseña123
Sara,Guerrero,22105486,sara.guerrero69@correo.com,Contraseña123
Alejandro,Arce,28478108,alejandro.arce70@correo.com,Contraseña123
René,Soriano,87966492,rené.soriano71@correo.com,Contraseña123
Saturnino,Ponce,20602077,saturnino.ponce72@correo.com,Contraseña123
Teófila,Garcés,60226404,teófila.garcés73@correo.com,Contraseña123
Curro,Sans,15395262,curro.sans74@correo.com,Contraseña123
Chita,Canals,84401379,chita.canals75@correo.com,Contraseña123
Martirio,Ramírez,40430658,martirio.ramírez76@correo.com,Contraseña123
Bárbara,Sanmartín,60066111,bárbara.sanmartín77@correo.com,Contraseña123
Juan Bautista,Amores,91480955,juan bautista.amores78@correo.com,Contraseña123
Andrés,Llorens,80247005,andrés.llorens79@correo.com,Contraseña123
Adela,Llorens,68744258,adela.llorens80@correo.com,Contraseña123
Atilio,Lerma,20192979,atilio.lerma81@correo.com,Contraseña123
Zacarías,Villalba,51506068,zacarías.villalba82@correo.com,Contraseña123
Leocadio,Castilla,93122688,leocadio.castilla83@correo.com,Contraseña123
Rebeca,Falcón,99841896,rebeca.falcón84@correo.com,Contraseña123
Juan Pablo,Garcés,29115288,juan pablo.garcés85@correo.com,Contraseña123
Adrián,Miguel,65370735,adrián.miguel86@correo.com,Contraseña123
Aarón,Carmona,22008830,aarón.carmona87@correo.com,Contraseña123
Rosenda,Expósito,64439423,rosenda.expósito88@correo.com,Contraseña123
Isidro,Sanmiguel,21538724,isidro.sanmiguel89@correo.com,Contraseña123
Ignacio,Iriarte,86034946,ignacio.iriarte90@correo.com,Contraseña123
Joan,Santos,62991373,joan.santos91@correo.com,Contraseña123
Jafet,Urrutia,25582430,jafet.urrutia92@correo.com,Contraseña123
Sofía,Hoyos,52313164,sofía.hoyos93@correo.com,Contraseña123
Efraín,Canet,80969963,efraín.canet94@correo.com,Contraseña123
Camila,Patiño,90238291,camila.patiño95@correo.com,Contraseña123
Galo,Aramburu,80113730,galo.aramburu96@correo.com,Contraseña123
Isabel,Fuertes,44858351,isabel.fuertes97@correo.com,Contraseña123
Bonifacio,Coloma,53647820,bonifacio.coloma98@correo.com,Contraseña123
Sancho,Gargallo,93145241,sancho.gargallo99@correo.com,Contraseña123
Martín,Calvet,22389479,martín.calvet100@correo.com,Contraseña123
Manolo,Sanz,36869282,manolo.sanz101@correo.com,Contraseña123
Luciano,Santiago,84825482,luciano.santiago102@correo.com,Contraseña123
Carmela,Pomares,25021266,carmela.pomares103@correo.com,Contraseña123
Aristides,Iborra,95571301,aristides.iborra104@correo.com,Contraseña123
Carmen,Baró,73491426,carmen.baró105@correo.com,Contraseña123
Anastasia,Piñol,56881877,anastasia.piñol106@correo.com,Contraseña123
Nerea,Alcaraz,44315535,nerea.alcaraz107@correo.com,Contraseña123
Lina,Quintero,47547567,lina.quintero108@correo.com,Contraseña123
Teodora,Montesinos,40346306,teodora.montesinos109@correo.com,Contraseña123
Gabriela,Saura,96222890,gabriela.saura110@correo.com,Contraseña123
Amaro,Cervantes,14949116,amaro.cervantes111@correo.com,Contraseña123
Carina,Mínguez,47033657,carina.mínguez112@correo.com,Contraseña123
Esperanza,Olmedo,88394564,esperanza.olmedo113@correo.com,Contraseña123
María Jesús,Rosell,77997524,maría jesús.rosell114@correo.com,Contraseña123
Corona,Alemany,20214759,corona.alemany115@correo.com,Contraseña123
Ester,Naranjo,43811946,ester.naranjo116@correo.com,Contraseña123
Hermenegildo,Ayuso,36615473,hermenegildo.ayuso117@correo.com,Contraseña123
Natalio,Alegre,62333062,natalio.alegre118@correo.com,Contraseña123
Amada,Doménech,68831274,amada.doménech119@correo.com,Contraseña123
Hortensia,Simó,84415130,hortensia.simó120@correo.com,Contraseña123
Ángela,Corral,93236406,ángela.corral121@correo.com,Contraseña123
Carmelita,Cabezas,64981546,carmelita.cabezas122@correo.com,Contraseña123
Bonifacio,Seco,15278595,bonifacio.seco123@correo.com,Contraseña123
Isaura,Gomez,63560948,isaura.gomez124@correo.com,Contraseña123
Haroldo,Lamas,49756023,haroldo.lamas125@correo.com,Contraseña123
Gervasio,Vargas,66659412,gervasio.vargas126@correo.com,Contraseña123
Desiderio,Pablo,84101901,desiderio.pablo127@correo.com,Contraseña123
Estefanía,Huerta,16686758,estefanía.huerta128@correo.com,Contraseña123
Iván,Gomis,84809920,iván.gomis129@correo.com,Contraseña123
Lope,Barceló,16782150,lope.barceló130@correo.com,Contraseña123
Carmen,Cañete,54991167,carmen.cañete131@correo.com,Contraseña123
Mauricio,Contreras,53799920,mauricio.contreras132@correo.com,Contraseña123
Jose Antonio,Mayo,56122006,jose antonio.mayo133@correo.com,Contraseña123
Silvestre,Arenas,34802023,silvestre.arenas134@correo.com,Contraseña123
Esperanza,Coloma,27924545,esperanza.coloma135@correo.com,Contraseña123
Amando,Pino,48300874,amando.pino136@correo.com,Contraseña123
Aura,Egea,39705919,aura.egea137@correo.com,Contraseña123
Omar,Vendrell,42034448,omar.vendrell138@correo.com,Contraseña123
Juan,Morán,80580677,juan.morán139@correo.com,Contraseña123
Heliodoro,Escrivá,24411213,heliodoro.escrivá140@correo.com,Contraseña123
Cesar,Rey,88907403,cesar.rey141@correo.com,Contraseña123
Olga,Villalba,76143333,olga.villalba142@correo.com,Contraseña123
Ale,Montes,56428179,ale.montes143@correo.com,Contraseña123
Zaida,Gallart,63315966,zaida.gallart144@correo.com,Contraseña123
Jose Ramón,Bonet,28976911,jose ramón.bonet145@correo.com,Contraseña123
Itziar,Nieto,90659303,itziar.nieto146@correo.com,Contraseña123
Nuria,Gallego,71040261,nuria.gallego147@correo.com,Contraseña123
Armida,Landa,30342534,armida.landa148@correo.com,Contraseña123
Encarnación,Hernández,74514614,encarnación.hernández149@correo.com,Contraseña123
Eladio,Cabrera,97589495,eladio.cabrera150@correo.com,Contraseña123
Ariadna,Arévalo,43224948,ariadna.arévalo151@correo.com,Contraseña123
Elisabet,Fernandez,49008199,elisabet.fernandez152@correo.com,Contraseña123
Amelia,Gutiérrez,77554941,amelia.gutiérrez153@correo.com,Contraseña123
Petrona,Maza,33698377,petrona.maza154@correo.com,Contraseña123
Manuelita,Blanco,35940520,manuelita.blanco155@correo.com,Contraseña123
Luís,Acedo,60127658,luís.acedo156@correo.com,Contraseña123
Moisés,Aragón,87232900,moisés.aragón157@correo.com,Contraseña123
Curro,Galván,99608467,curro.galván158@correo.com,Contraseña123
Lourdes,Palmer,96655076,lourdes.palmer159@correo.com,Contraseña123
Fabián,Vizcaíno,95153556,fabián.vizcaíno160@correo.com,Contraseña123
Aránzazu,Matas,63311568,aránzazu.matas161@correo.com,Contraseña123
Luis Miguel,Molina,29953340,luis miguel.molina162@correo.com,Contraseña123
Jorge,Olmedo,88932597,jorge.olmedo163@correo.com,Contraseña123
Joaquín,Grande,94140617,joaquín.grande164@correo.com,Contraseña123
Begoña,Alberola,45973946,begoña.alberola165@correo.com,Contraseña123
Tomasa,Roman,97598014,tomasa.roman166@correo.com,Contraseña123
Ximena,Jaén,32114526,ximena.jaén167@correo.com,Contraseña123
Pilar,Baeza,60031293,pilar.baeza168@correo.com,Contraseña123
Alejandro,Viñas,11498578,alejandro.viñas169@correo.com,Contraseña123
Luna,Adán,46346540,luna.adán170@correo.com,Contraseña123
Julieta,Castelló,62017939,julieta.castelló171@correo.com,Contraseña123
Judith,Tolosa,85266561,judith.tolosa172@correo.com,Contraseña123
Nicanor,Carrasco,36989215,nicanor.carrasco173@correo.com,Contraseña123
Teresita,Pla,41863420,teresita.pla174@correo.com,Contraseña123
Aurora,Nadal,19207989,aurora.nadal175@correo.com,Contraseña123
Adoración,Hoz,12372515,adoración.hoz176@correo.com,Contraseña123
Aarón,Alegre,43524171,aarón.alegre177@correo.com,Contraseña123
Amarilis,Sanchez,37400292,amarilis.sanchez178@correo.com,Contraseña123
Bárbara,Anguita,85667811,bárbara.anguita179@correo.com,Contraseña123
Corona,Rey,77306613,corona.rey180@correo.com,Contraseña123
Nadia,Iglesias,49107276,nadia.iglesias181@correo.com,Contraseña123
Eduardo,Beltran,24965254,eduardo.beltran182@correo.com,Contraseña123
Rosalía,Polo,31199924,rosalía.polo183@correo.com,Contraseña123
Fabiana,Sarabia,20521707,fabiana.sarabia184@correo.com,Contraseña123
Emiliana,Morell,70579923,emiliana.morell185@correo.com,Contraseña123
Elisabet,Perea,78006172,elisabet.perea186@correo.com,Contraseña123
Américo,Moll,61106540,américo.moll187@correo.com,Contraseña123
Juliana,Marin,38628782,juliana.marin188@correo.com,Contraseña123
Graciano,Segovia,12852480,graciano.segovia189@correo.com,Contraseña123
Violeta,Vidal,22712952,violeta.vidal190@correo.com,Contraseña123
Victor,Parra,31651184,victor.parra191@correo.com,Contraseña123
Herminio,Sobrino,52325102,herminio.sobrino192@correo.com,Contraseña123
Sara,Camacho,97959319,sara.camacho193@correo.com,Contraseña123
Danilo,Roda,96855866,danilo.roda194@correo.com,Contraseña123
Obdulia,Jerez,87194365,obdulia.jerez195@correo.com,Contraseña123
Micaela,Arribas,70427082,micaela.arribas196@correo.com,Contraseña123
Jorge,Diez,27224551,jorge.diez197@correo.com,Contraseña123
Ciríaco,Mateos,67682749,ciríaco.mateos198@correo.com,Contraseña123
Samu,Arregui,37663558,samu.arregui199@correo.com,Contraseña123
Marcio,Donoso,30483615,marcio.donoso200@correo.com,Contraseña123
Adora,Benavent,76979102,adora.benavent201@correo.com,Contraseña123
Chema,Arcos,32892362,chema.arcos202@correo.com,Contraseña123
Soledad,Alarcón,29880548,soledad.alarcón203@correo.com,Contraseña123
Ana Sofía,Conesa,43458107,ana sofía.conesa204@correo.com,Contraseña123
Aura,Perera,22004189,aura.perera205@correo.com,Contraseña123
Jorge,Zabaleta,15129740,jorge.zabaleta206@correo.com,Contraseña123
Aitor,Pombo,89900764,aitor.pombo207@correo.com,Contraseña123
Dan,Mosquera,31924900,dan.mosquera208@correo.com,Contraseña123
Hernán,Amo,62738389,hernán.amo209@correo.com,Contraseña123
Blas,Cámara,39114692,blas.cámara210@correo.com,Contraseña123
Benjamín,Jover,33180039,benjamín.jover211@correo.com,Contraseña123
Iván,Ojeda,59011879,iván.ojeda212@correo.com,Contraseña123
Rogelio,Roura,58791987,rogelio.roura213@correo.com,Contraseña123
Visitación,Aranda,29931421,visitación.aranda214@correo.com,Contraseña123
Carlito,Leiva,95337152,carlito.leiva215@correo.com,Contraseña123
Morena,Poza,86156029,morena.poza216@correo.com,Contraseña123
Carolina,Asensio,87975010,carolina.asensio217@correo.com,Contraseña123
Anita,Carro,68768679,anita.carro218@correo.com,Contraseña123
Serafina,Ribes,22692327,serafina.ribes219@correo.com,Contraseña123
Vasco,Verdú,14913785,vasco.verdú220@correo.com,Contraseña123
Elpidio,Serra,71314621,elpidio.serra221@correo.com,Contraseña123
Juan Manuel,Gargallo,24191659,juan manuel.gargallo222@correo.com,Contraseña123
Paloma,Cabañas,59694457,paloma.cabañas223@correo.com,Contraseña123
Cesar,Guerrero,96589369,cesar.guerrero224@correo.com,Contraseña123
Leticia,Zabaleta,85688350,leticia.zabaleta225@correo.com,Contraseña123
Arcelia,Santamaría,19757895,arcelia.santamaría226@correo.com,Contraseña123
Francisco Javier,Tena,70064036,francisco javier.tena227@correo.com,Contraseña123
Alejandra,Macias,27295852,alejandra.macias228@correo.com,Contraseña123
Vanesa,Millán,83801131,vanesa.millán229@correo.com,Contraseña123
José Luis,Garzón,12664154,josé luis.garzón230@correo.com,Contraseña123
Severino,Echeverría,36996707,severino.echeverría231@correo.com,Contraseña123
Fortunato,Correa,45132634,fortunato.correa232@correo.com,Contraseña123
Leonel,Borrás,98245252,leonel.borrás233@correo.com,Contraseña123
María Del Carmen,Agudo,46280026,maría del carmen.agudo234@correo.com,Contraseña123
Ezequiel,Villalonga,77470203,ezequiel.villalonga235@correo.com,Contraseña123
Mayte,Casal,46634957,mayte.casal236@correo.com,Contraseña123
Encarnación,Delgado,48231522,encarnación.delgado237@correo.com,Contraseña123
Amando,Villar,81938083,amando.villar238@correo.com,Contraseña123
Leonel,Morillo,92312517,leonel.morillo239@correo.com,Contraseña123
Lupe,Quintana,85183722,lupe.quintana240@correo.com,Contraseña123
Maximiliano,Aragonés,53150790,maximiliano.aragonés241@correo.com,Contraseña123
Mireia,Sarabia,88778116,mireia.sarabia242@correo.com,Contraseña123
Berta,Vilalta,40807487,berta.vilalta243@correo.com,Contraseña123
Esperanza,Nevado,40518286,esperanza.nevado244@correo.com,Contraseña123
Gilberto,Navarro,98304845,gilberto.navarro245@correo.com,Contraseña123
Amílcar,Romeu,41281787,amílcar.romeu246@correo.com,Contraseña123
Nélida,Céspedes,69994706,nélida.céspedes247@correo.com,Contraseña123
Maxi,Abad,80067100,maxi.abad248@correo.com,Contraseña123
Fanny,Vicente,39235452,fanny.vicente249@correo.com,Contraseña123
Charo,Tejero,82902989,charo.tejero250@correo.com,Contraseña123
Carina,Fajardo,67814358,carina.fajardo251@correo.com,Contraseña123
Carmela,Cuesta,78229596,carmela.cuesta252@correo.com,Contraseña123
Miguel Ángel,Sanz,31557770,miguel ángel.sanz253@correo.com,Contraseña123
Martin,Gargallo,16933454,martin.gargallo254@correo.com,Contraseña123
Lalo,Abellán,81841722,lalo.abellán255@correo.com,Contraseña123
Sosimo,Peñalver,78635995,sosimo.peñalver256@correo.com,Contraseña123
Ángeles,Llanos,41073238,ángeles.llanos257@correo.com,Contraseña123
Judith,Escalona,15871188,judith.escalona258@correo.com,Contraseña123
Ciro,Agullo,49976475,ciro.agullo259@correo.com,Contraseña123
Esteban,Quesada,54914630,esteban.quesada260@correo.com,Contraseña123
Marianela,Mayol,74697178,marianela.mayol261@correo.com,Contraseña123
Tania,Ros,61347456,tania.ros262@correo.com,Contraseña123
Pepita,Neira,81287176,pepita.neira263@correo.com,Contraseña123
Xiomara,Cuenca,71594360,xiomara.cuenca264@correo.com,Contraseña123
Albert,Jaén,36707134,albert.jaén265@correo.com,Contraseña123
Isidora,Zapata,79000285,isidora.zapata266@correo.com,Contraseña123
Ale,Peralta,26494567,ale.peralta267@correo.com,Contraseña123
Heriberto,Múñiz,19736684,heriberto.múñiz268@correo.com,Contraseña123
Marisela,Calderon,16549062,marisela.calderon269@correo.com,Contraseña123
Horacio,Cuenca,88043618,horacio.cuenca270@correo.com,Contraseña123
Lino,Ángel,11101989,lino.ángel271@correo.com,Contraseña123
Francisco Javier,Mir,92271864,francisco javier.mir272@correo.com,Contraseña123
Gilberto,Aramburu,90600499,gilberto.aramburu273@correo.com,Contraseña123
Amalia,Jurado,33906791,amalia.jurado274@correo.com,Contraseña123
Amílcar,Corral,18218838,amílcar.corral275@correo.com,Contraseña123
José Luis,Vendrell,68537318,josé luis.vendrell276@correo.com,Contraseña123
Norberto,Narváez,92739885,norberto.narváez277@correo.com,Contraseña123
Calixto,Peiró,13167752,calixto.peiró278@correo.com,Contraseña123
Sofía,Vega,57824159,sofía.vega279@correo.com,Contraseña123
Vito,Somoza,97937033,vito.somoza280@correo.com,Contraseña123
Pili,Villaverde,34668488,pili.villaverde281@correo.com,Contraseña123
Sandra,Garriga,86632890,sandra.garriga282@correo.com,Contraseña123
Daniela,Egea,17515946,daniela.egea283@correo.com,Contraseña123
Manola,Olmo,70711096,manola.olmo284@correo.com,Contraseña123
Marisa,Francisco,76142442,marisa.francisco285@correo.com,Contraseña123
Rafa,Guijarro,67598205,rafa.guijarro286@correo.com,Contraseña123
Matías,Pastor,89205462,matías.pastor287@correo.com,Contraseña123
Guadalupe,Torrens,43106001,guadalupe.torrens288@correo.com,Contraseña123
Paola,Sebastián,48039893,paola.sebastián289@correo.com,Contraseña123
Concepción,Carrasco,61220431,concepción.carrasco290@correo.com,Contraseña123
Rosario,Espada,56972241,rosario.espada291@correo.com,Contraseña123
Carlito,Reina,73091257,carlito.reina292@correo.com,Contraseña123
José María,Medina,25335415,josé maría.medina293@correo.com,Contraseña123
Hilario,Huguet,29912643,hilario.huguet294@correo.com,Contraseña123
Juan Luis,Escalona,31156722,juan luis.escalona295@correo.com,Contraseña123
Leandra,Barón,77256319,leandra.barón296@correo.com,Contraseña123
Simón,Lucas,13976770,simón.lucas297@correo.com,Contraseña123
Rosario,Baró,48244326,rosario.baró298@correo.com,Contraseña123
María Teresa,Amo,22116478,maría teresa.amo299@correo.com,Contraseña123
Agustín,Rovira,20949525,agustín.rovira300@correo.com,Contraseña123
Tiburcio,Naranjo,28597218,tiburcio.naranjo301@correo.com,Contraseña123
Bruno,Torrijos,23054262,bruno.torrijos302@correo.com,Contraseña123
Horacio,Almagro,15977927,horacio.almagro303@correo.com,Contraseña123
Juanita,Moya,53037571,juanita.moya304@correo.com,Contraseña123
Charo,Calderon,68948050,charo.calderon305@correo.com,Contraseña123
Anunciación,Cuenca,30306102,anunciación.cuenca306@correo.com,Contraseña123
Jonatan,Hoyos,87853639,jonatan.hoyos307@correo.com,Contraseña123
Mauricio,Torrens,15722480,mauricio.torrens308@correo.com,Contraseña123
Elisa,Ferrero,93577659,elisa.ferrero309@correo.com,Contraseña123
María Cristina,Losada,79249442,maría cristina.losada310@correo.com,Contraseña123
Dionisio,Casas,39864323,dionisio.casas311@correo.com,Contraseña123
Domingo,Royo,30359412,domingo.royo312@correo.com,Contraseña123
Paola,Peñalver,15114381,paola.peñalver313@correo.com,Contraseña123
Marisa,Sola,14836405,marisa.sola314@correo.com,Contraseña123
Fabio,Dalmau,85870150,fabio.dalmau315@correo.com,Contraseña123
Blas,Padilla,95612315,blas.padilla316@correo.com,Contraseña123
Teresa,Villalonga,96444446,teresa.villalonga317@correo.com,Contraseña123
María Del Carmen,Duque,70404290,maría del carmen.duque318@correo.com,Contraseña123
Fernando,Pazos,84250973,fernando.pazos319@correo.com,Contraseña123
Yésica,Moliner,30163666,yésica.moliner320@correo.com,Contraseña123
Adelaida,Gómez,60370989,adelaida.gómez321@correo.com,Contraseña123
José Ángel,Higueras,18440452,josé ángel.higueras322@correo.com,Contraseña123
Augusto,Codina,66956173,augusto.codina323@correo.com,Contraseña123
Ariel,Larrea,34636770,ariel.larrea324@correo.com,Contraseña123
Luciana,Acuña,41082822,luciana.acuña325@correo.com,Contraseña123
Chus,Costa,14184868,chus.costa326@correo.com,Contraseña123
Ibán,Baró,26342329,ibán.baró327@correo.com,Contraseña123
Roxana,Amo,17930380,roxana.amo328@correo.com,Contraseña123
Toni,Saavedra,15193512,toni.saavedra329@correo.com,Contraseña123
Pelayo,Alonso,73740711,pelayo.alonso330@correo.com,Contraseña123
Carlos,Yuste,84834935,carlos.yuste331@correo.com,Contraseña123
Dorotea,Sevilla,46957124,dorotea.sevilla332@correo.com,Contraseña123
Toño,Arnau,72952765,toño.arnau333@correo.com,Contraseña123
Loreto,Macias,35952560,loreto.macias334@correo.com,Contraseña123
Gala,Ros,98015197,gala.ros335@correo.com,Contraseña123
Rafa,Esparza,87256850,rafa.esparza336@correo.com,Contraseña123
Loreto,Maldonado,55415831,loreto.maldonado337@correo.com,Contraseña123
Florencia,Canales,96430530,florencia.canales338@correo.com,Contraseña123
Bárbara,Dueñas,95903932,bárbara.dueñas339@correo.com,Contraseña123
Emperatriz,Pla,92047794,emperatriz.pla340@correo.com,Contraseña123
Bienvenida,Toro,71165252,bienvenida.toro341@correo.com,Contraseña123
Narcisa,Serrano,24714625,narcisa.serrano342@correo.com,Contraseña123
Javier,Figueroa,23694283,javier.figueroa343@correo.com,Contraseña123
Maxi,Sevilla,33977091,maxi.sevilla344@correo.com,Contraseña123
Haydée,Caro,69958369,haydée.caro345@correo.com,Contraseña123
María,Soriano,40869047,maría.soriano346@correo.com,Contraseña123
Darío,Castelló,38594793,darío.castelló347@correo.com,Contraseña123
Remigio,Carbonell,16121788,remigio.carbonell348@correo.com,Contraseña123
Raúl,Blanch,51634625,raúl.blanch349@correo.com,Contraseña123
Elvira,Cruz,83332369,elvira.cruz350@correo.com,Contraseña123
Jacinto,Verdugo,97624418,jacinto.verdugo351@correo.com,Contraseña123
Fidela,Bermudez,46297901,fidela.bermudez352@correo.com,Contraseña123
Rosa,Goñi,15875247,rosa.goñi353@correo.com,Contraseña123
Benito,Galvez,10613882,benito.galvez354@correo.com,Contraseña123
Ariadna,Daza,38568842,ariadna.daza355@correo.com,Contraseña123
Ana Belén,Pou,16251101,ana belén.pou356@correo.com,Contraseña123
Máximo,Lastra,51305533,máximo.lastra357@correo.com,Contraseña123
Jordán,Rubio,73983064,jordán.rubio358@correo.com,Contraseña123
María Dolores,Pedrero,49149965,maría dolores.pedrero359@correo.com,Contraseña123
Rafaela,Gárate,75377689,rafaela.gárate360@correo.com,Contraseña123
Faustino,Gaya,52987443,faustino.gaya361@correo.com,Contraseña123
Carlos,Juárez,20085905,carlos.juárez362@correo.com,Contraseña123
Kike,Riquelme,12912870,kike.riquelme363@correo.com,Contraseña123
Angelina,Valls,74114648,angelina.valls364@correo.com,Contraseña123
Anastasio,Rebollo,51532346,anastasio.rebollo365@correo.com,Contraseña123
Édgar,Samper,10319306,édgar.samper366@correo.com,Contraseña123
Edelmira,Moles,11714760,edelmira.moles367@correo.com,Contraseña123
Úrsula,Cifuentes,30523342,úrsula.cifuentes368@correo.com,Contraseña123
Noemí,Hoyos,85776827,noemí.hoyos369@correo.com,Contraseña123
Berta,Portillo,85846493,berta.portillo370@correo.com,Contraseña123
Carlota,Fuster,11188309,carlota.fuster371@correo.com,Contraseña123
Dafne,Carrillo,54557101,dafne.carrillo372@correo.com,Contraseña123
Isaac,Oliva,37867268,isaac.oliva373@correo.com,Contraseña123
Rosenda,Alvarez,20614570,rosenda.alvarez374@correo.com,Contraseña123
Ruth,Gómez,69876794,ruth.gómez375@correo.com,Contraseña123
Luisina,Moya,50786835,luisina.moya376@correo.com,Contraseña123
Herberto,Peral,61489963,herberto.peral377@correo.com,Contraseña123
Mariano,Vigil,82309289,mariano.vigil378@correo.com,Contraseña123
Aroa,Aroca,50916061,aroa.aroca379@correo.com,Contraseña123
Chus,Nieto,79169635,chus.nieto380@correo.com,Contraseña123
Chema,Parejo,69748933,chema.parejo381@correo.com,Contraseña123
Carina,Gil,94499836,carina.gil382@correo.com,Contraseña123
Fernando,Alcalá,58697464,fernando.alcalá383@correo.com,Contraseña123
Manuela,Pombo,54160549,manuela.pombo384@correo.com,Contraseña123
Eugenia,Zaragoza,37559629,eugenia.zaragoza385@correo.com,Contraseña123
Juan José,Torrents,53188429,juan josé.torrents386@correo.com,Contraseña123
Elba,Franco,22552228,elba.franco387@correo.com,Contraseña123
Flavia,Ariza,15489932,flavia.ariza388@correo.com,Contraseña123
Toribio,Marcos,34548033,toribio.marcos389@correo.com,Contraseña123
María José,Segovia,47623712,maría josé.segovia390@correo.com,Contraseña123
Aníbal,Bermejo,26120449,aníbal.bermejo391@correo.com,Contraseña123
Flor,Martin,92013399,flor.martin392@correo.com,Contraseña123
Victor,Verdejo,12001576,victor.verdejo393@correo.com,Contraseña123
Pastora,Alfaro,60206544,pastora.alfaro394@correo.com,Contraseña123
Eligio,Busquets,52798659,eligio.busquets395@correo.com,Contraseña123
Luciana,Franch,28483270,luciana.franch396@correo.com,Contraseña123
Pepe,Ribas,59292796,pepe.ribas397@correo.com,Contraseña123
Claudio,Alfaro,98481291,claudio.alfaro398@correo.com,Contraseña123
Eva,Arroyo,37985761,eva.arroyo399@correo.com,Contraseña123
Odalys,Barco,61599212,odalys.barco400@correo.com,Contraseña123
Rosa,Martorell,37547950,rosa.martorell401@correo.com,Contraseña123
Edmundo,Alba,57201521,edmundo.alba402@correo.com,Contraseña123
Fidel,Aragonés,61456029,fidel.aragonés403@correo.com,Contraseña123
Cruz,Borrás,45370535,cruz.borrás404@correo.com,Contraseña123
Pedro,Busquets,70630032,pedro.busquets405@correo.com,Contraseña123
Gabriela,Merino,47162849,gabriela.merino406@correo.com,Contraseña123
Manola,Nicolau,84987838,manola.nicolau407@correo.com,Contraseña123
Priscila,Requena,57326204,priscila.requena408@correo.com,Contraseña123
César,Paniagua,40065681,césar.paniagua409@correo.com,Contraseña123
Nydia,Viana,49015528,nydia.viana410@correo.com,Contraseña123
Concha,Giménez,56064992,concha.giménez411@correo.com,Contraseña123
Octavio,Blazquez,32951840,octavio.blazquez412@correo.com,Contraseña123
África,Arellano,46485217,áfrica.arellano413@correo.com,Contraseña123
Elba,Rius,32424793,elba.rius414@correo.com,Contraseña123
Víctor,Andrés,25087033,víctor.andrés415@correo.com,Contraseña123
Paulino,Hervás,46221464,paulino.hervás416@correo.com,Contraseña123
Natividad,Lago,89871110,natividad.lago417@correo.com,Contraseña123
Nacho,Castañeda,73941877,nacho.castañeda418@correo.com,Contraseña123
Rosa,Valls,77656164,rosa.valls419@correo.com,Contraseña123
Marciano,Angulo,58895173,marciano.angulo420@correo.com,Contraseña123
Martín,Carballo,48367535,martín.carballo421@correo.com,Contraseña123
Hernán,Castelló,50221201,hernán.castelló422@correo.com,Contraseña123
Juan Manuel,Galan,37884650,juan manuel.galan423@correo.com,Contraseña123
Asdrubal,Pla,30848712,asdrubal.pla424@correo.com,Contraseña123
Eugenia,Vidal,86300416,eugenia.vidal425@correo.com,Contraseña123
Antonia,Herrera,91358237,antonia.herrera426@correo.com,Contraseña123
Duilio,Parejo,70002622,duilio.parejo427@correo.com,Contraseña123
Godofredo,Mateo,27205567,godofredo.mateo428@correo.com,Contraseña123
Inmaculada,Nicolau,99295770,inmaculada.nicolau429@correo.com,Contraseña123
Isabela,Benavente,61060711,isabela.benavente430@correo.com,Contraseña123
Glauco,Royo,17921226,glauco.royo431@correo.com,Contraseña123
Griselda,Luque,97463300,griselda.luque432@correo.com,Contraseña123
Eugenio,Suárez,61733171,eugenio.suárez433@correo.com,Contraseña123
Leopoldo,Garriga,40044862,leopoldo.garriga434@correo.com,Contraseña123
Ainoa,Feijoo,62333088,ainoa.feijoo435@correo.com,Contraseña123
Tiburcio,Manuel,93523446,tiburcio.manuel436@correo.com,Contraseña123
Venceslás,Llobet,97442282,venceslás.llobet437@correo.com,Contraseña123
Aránzazu,Rosell,79213881,aránzazu.rosell438@correo.com,Contraseña123
Ciriaco,Manzano,39432827,ciriaco.manzano439@correo.com,Contraseña123
Salomón,Cañete,25801966,salomón.cañete440@correo.com,Contraseña123
Hortensia,Coca,71017279,hortensia.coca441@correo.com,Contraseña123
Custodia,Alba,88047291,custodia.alba442@correo.com,Contraseña123
Herminia,Blasco,65427642,herminia.blasco443@correo.com,Contraseña123
Emiliana,Villaverde,41565927,emiliana.villaverde444@correo.com,Contraseña123
Carmelita,Báez,16691193,carmelita.báez445@correo.com,Contraseña123
Maristela,Garmendia,18139349,maristela.garmendia446@correo.com,Contraseña123
Jimena,Coronado,74946455,jimena.coronado447@correo.com,Contraseña123
Margarita,Asenjo,35892237,margarita.asenjo448@correo.com,Contraseña123
Jimena,Torralba,70568975,jimena.torralba449@correo.com,Contraseña123
Herminia,Artigas,48911183,herminia.artigas450@correo.com,Contraseña123
Rodrigo,Valle,57270702,rodrigo.valle451@correo.com,Contraseña123
Lucía,Hidalgo,64005526,lucía.hidalgo452@correo.com,Contraseña123
Felipa,Pareja,19378738,felipa.pareja453@correo.com,Contraseña123
Amancio,Rosselló,35256468,amancio.rosselló454@correo.com,Contraseña123
Cecilio,Figueras,28471058,cecilio.figueras455@correo.com,Contraseña123
Ariel,Agudo,61840367,ariel.agudo456@correo.com,Contraseña123
Vinicio,Blanes,88543145,vinicio.blanes457@correo.com,Contraseña123
Domingo,Vélez,26374653,domingo.vélez458@correo.com,Contraseña123
Lucía,Sarmiento,57816415,lucía.sarmiento459@correo.com,Contraseña123
Adora,Iborra,67284379,adora.iborra460@correo.com,Contraseña123
Rodolfo,Donoso,47829362,rodolfo.donoso461@correo.com,Contraseña123
Adelaida,Pelayo,66806006,adelaida.pelayo462@correo.com,Contraseña123
Judith,Falcó,19498881,judith.falcó463@correo.com,Contraseña123
Sarita,Diaz,19850518,sarita.diaz464@correo.com,Contraseña123
Yago,Saldaña,64950953,yago.saldaña465@correo.com,Contraseña123
Purificación,Serrano,97428723,purificación.serrano466@correo.com,Contraseña123
Amancio,España,43454945,amancio.españa467@correo.com,Contraseña123
Chelo,Feijoo,43790605,chelo.feijoo468@correo.com,Contraseña123
Anastasio,Palma,83938735,anastasio.palma469@correo.com,Contraseña123
Amado,Castilla,39891576,amado.castilla470@correo.com,Contraseña123
Feliciano,Atienza,35922419,feliciano.atienza471@correo.com,Contraseña123
Saturnino,Elorza,37303882,saturnino.elorza472@correo.com,Contraseña123
Calisto,Ribas,56618491,calisto.ribas473@correo.com,Contraseña123
Constanza,Franch,61276431,constanza.franch474@correo.com,Contraseña123
Federico,Uriarte,93459420,federico.uriarte475@correo.com,Contraseña123
Paula,Cervantes,40182349,paula.cervantes476@correo.com,Contraseña123
Luisa,Cabello,60360274,luisa.cabello477@correo.com,Contraseña123
Dafne,Manrique,75155214,dafne.manrique478@correo.com,Contraseña123
Clementina,Villalobos,23755093,clementina.villalobos479@correo.com,Contraseña123
Marcia,Castejón,11439073,marcia.castejón480@correo.com,Contraseña123
Vito,Sevilla,23926337,vito.sevilla481@correo.com,Contraseña123
Victorino,Méndez,74646966,victorino.méndez482@correo.com,Contraseña123
Emigdio,Calvet,74054770,emigdio.calvet483@correo.com,Contraseña123
Vito,Almagro,82295613,vito.almagro484@correo.com,Contraseña123
Marina,Gargallo,11946333,marina.gargallo485@correo.com,Contraseña123
Gonzalo,Arranz,86304396,gonzalo.arranz486@correo.com,Contraseña123
Isa,Azcona,55382436,isa.azcona487@correo.com,Contraseña123
Natalio,Perales,18627411,natalio.perales488@correo.com,Contraseña123
Basilio,Báez,99894382,basilio.báez489@correo.com,Contraseña123
Amanda,Iborra,59091784,amanda.iborra490@correo.com,Contraseña123
Ema,Ramón,69819283,ema.ramón491@correo.com,Contraseña123
Serafina,Lucena,61562943,serafina.lucena492@correo.com,Contraseña123
Cristian,Mena,36504187,cristian.mena493@correo.com,Contraseña123
Tomasa,Navas,37278226,tomasa.navas494@correo.com,Contraseña123
Rosario,Girona,12241296,rosario.girona495@correo.com,Contraseña123
Dolores,Moreno,76165542,dolores.moreno496@correo.com,Contraseña123
Dolores,Hervia,52316767,dolores.hervia497@correo.com,Contraseña123
Teobaldo,Azcona,34040833,teobaldo.azcona498@correo.com,Contraseña123
Úrsula,Vicens,30859329,úrsula.vicens499@correo.com,Contraseña123
Severino,Coll,72345954,severino.coll500@correo.com,Contraseña123
Juanito,Ureña,27634825,juanito.ureña501@correo.com,Contraseña123
Rodrigo,Lluch,19592388,rodrigo.lluch502@correo.com,Contraseña123
Lupe,Vilalta,22285535,lupe.vilalta503@correo.com,Contraseña123
Maxi,Bou,19448721,maxi.bou504@correo.com,Contraseña123
Edu,Otero,37317403,edu.otero505@correo.com,Contraseña123
Dulce,Francisco,76437483,dulce.francisco506@correo.com,Contraseña123
Candela,Boada,25592135,candela.boada507@correo.com,Contraseña123
Tomasa,Pizarro,28989123,tomasa.pizarro508@correo.com,Contraseña123
Felix,Polo,83319100,felix.polo509@correo.com,Contraseña123
Flavio,Miguel,59440929,flavio.miguel510@correo.com,Contraseña123
Evelia,Puig,51743885,evelia.puig511@correo.com,Contraseña123
Nilda,Tapia,56921272,nilda.tapia512@correo.com,Contraseña123
Marc,Marin,67833712,marc.marin513@correo.com,Contraseña123
Noelia,Rocamora,98557577,noelia.rocamora514@correo.com,Contraseña123
Faustino,Barrios,99626841,faustino.barrios515@correo.com,Contraseña123
Samanta,Riquelme,85448249,samanta.riquelme516@correo.com,Contraseña123
Modesta,Castells,60290723,modesta.castells517@correo.com,Contraseña123
Álvaro,Cantón,99396946,álvaro.cantón518@correo.com,Contraseña123
Amanda,Alcázar,56590053,amanda.alcázar519@correo.com,Contraseña123
Horacio,Palomares,10339979,horacio.palomares520@correo.com,Contraseña123
Palmira,Higueras,22229193,palmira.higueras521@correo.com,Contraseña123
Teodoro,Jordán,65748855,teodoro.jordán522@correo.com,Contraseña123
Curro,Fiol,48845856,curro.fiol523@correo.com,Contraseña123
Quique,Martorell,39044069,quique.martorell524@correo.com,Contraseña123
Reyes,Bautista,75943252,reyes.bautista525@correo.com,Contraseña123
Dalila,Murillo,35749159,dalila.murillo526@correo.com,Contraseña123
Tomás,Tur,52442129,tomás.tur527@correo.com,Contraseña123
Ana,Reyes,84752623,ana.reyes528@correo.com,Contraseña123
Máximo,Pablo,78137952,máximo.pablo529@correo.com,Contraseña123
Saturnina,Macías,80521984,saturnina.macías530@correo.com,Contraseña123
Nicolasa,Borrás,58852923,nicolasa.borrás531@correo.com,Contraseña123
Agustín,Montero,71673953,agustín.montero532@correo.com,Contraseña123
Evaristo,Blanca,57484212,evaristo.blanca533@correo.com,Contraseña123
Manolo,León,10681422,manolo.león534@correo.com,Contraseña123
Rosario,Verdú,35984928,rosario.verdú535@correo.com,Contraseña123
Eva María,Gabaldón,55105160,eva maría.gabaldón536@correo.com,Contraseña123
Lourdes,Roman,41575274,lourdes.roman537@correo.com,Contraseña123
Eutropio,Castrillo,74412713,eutropio.castrillo538@correo.com,Contraseña123
Florencio,Navas,44074285,florencio.navas539@correo.com,Contraseña123
Marciano,Adadia,70140955,marciano.adadia540@correo.com,Contraseña123
Noemí,Royo,93151786,noemí.royo541@correo.com,Contraseña123
Julián,Quiroga,92260291,julián.quiroga542@correo.com,Contraseña123
Prudencia,Zorrilla,73547250,prudencia.zorrilla543@correo.com,Contraseña123
Agapito,Ferrero,34366548,agapito.ferrero544@correo.com,Contraseña123
Chucho,Raya,39048017,chucho.raya545@correo.com,Contraseña123
Paulino,Parra,40213420,paulino.parra546@correo.com,Contraseña123
Gracia,Uría,15256972,gracia.uría547@correo.com,Contraseña123
Cesar,Olivé,91904328,cesar.olivé548@correo.com,Contraseña123
Felicidad,Manzano,93856557,felicidad.manzano549@correo.com,Contraseña123
Belen,Poza,56212242,belen.poza550@correo.com,Contraseña123
Fabián,Tomas,61946782,fabián.tomas551@correo.com,Contraseña123
Germán,Boada,71837880,germán.boada552@correo.com,Contraseña123
Cesar,Garriga,35429450,cesar.garriga553@correo.com,Contraseña123
María Carmen,Leon,16497169,maría carmen.leon554@correo.com,Contraseña123
Rufino,Cuevas,93614045,rufino.cuevas555@correo.com,Contraseña123
Genoveva,Barba,43618320,genoveva.barba556@correo.com,Contraseña123
Néstor,Mancebo,32882674,néstor.mancebo557@correo.com,Contraseña123
Borja,Calderon,28078370,borja.calderon558@correo.com,Contraseña123
Nilda,Bellido,86740758,nilda.bellido559@correo.com,Contraseña123
Vinicio,Quintero,45068984,vinicio.quintero560@correo.com,Contraseña123
Simón,Perera,76156314,simón.perera561@correo.com,Contraseña123
Joan,Matas,35022493,joan.matas562@correo.com,Contraseña123
Gertrudis,Fabra,14618791,gertrudis.fabra563@correo.com,Contraseña123
Sofía,Casas,72502734,sofía.casas564@correo.com,Contraseña123
Zaida,Vargas,93302821,zaida.vargas565@correo.com,Contraseña123
Simón,Falcón,26354089,simón.falcón566@correo.com,Contraseña123
Susanita,Jordá,91983977,susanita.jordá567@correo.com,Contraseña123
Delfina,Baeza,23289498,delfina.baeza568@correo.com,Contraseña123
Nilo,Nicolás,56170966,nilo.nicolás569@correo.com,Contraseña123
Baldomero,Peláez,32933526,baldomero.peláez570@correo.com,Contraseña123
Sebastian,Casanovas,53710779,sebastian.casanovas571@correo.com,Contraseña123
Narciso,Gomez,56422435,narciso.gomez572@correo.com,Contraseña123
Venceslás,Guijarro,86012784,venceslás.guijarro573@correo.com,Contraseña123
María Luisa,Toro,91066409,maría luisa.toro574@correo.com,Contraseña123
Berta,Castellanos,88935876,berta.castellanos575@correo.com,Contraseña123
Nilda,Barriga,54852973,nilda.barriga576@correo.com,Contraseña123
Reynaldo,Azcona,91734124,reynaldo.azcona577@correo.com,Contraseña123
Isaura,Navas,18886895,isaura.navas578@correo.com,Contraseña123
Octavio,Herranz,56057723,octavio.herranz579@correo.com,Contraseña123
Juanito,Dalmau,58059061,juanito.dalmau580@correo.com,Contraseña123
Prudencia,Falcó,17861380,prudencia.falcó581@correo.com,Contraseña123
María,Tamarit,55396174,maría.tamarit582@correo.com,Contraseña123
Aarón,Frías,89308206,aarón.frías583@correo.com,Contraseña123
Dulce,Dalmau,54797373,dulce.dalmau584@correo.com,Contraseña123
Rosalía,Fernandez,92814434,rosalía.fernandez585@correo.com,Contraseña123
Claudio,Catalá,59308145,claudio.catalá586@correo.com,Contraseña123
Íngrid,Codina,58807287,íngrid.codina587@correo.com,Contraseña123
Rosa María,Arnau,81324237,rosa maría.arnau588@correo.com,Contraseña123
Óscar,Manrique,84094211,óscar.manrique589@correo.com,Contraseña123
Viviana,Iñiguez,23380795,viviana.iñiguez590@correo.com,Contraseña123
Jose Manuel,Barriga,71822738,jose manuel.barriga591@correo.com,Contraseña123
Aura,Huguet,22567053,aura.huguet592@correo.com,Contraseña123
Marianela,Salgado,84232895,marianela.salgado593@correo.com,Contraseña123
Soledad,Heredia,43373102,soledad.heredia594@correo.com,Contraseña123
Adelardo,Lumbreras,67704242,adelardo.lumbreras595@correo.com,Contraseña123
Lara,Bolaños,10046361,lara.bolaños596@correo.com,Contraseña123
Abel,Cerdán,20541573,abel.cerdán597@correo.com,Contraseña123
Bárbara,Coello,32575541,bárbara.coello598@correo.com,Contraseña123
Dolores,Puente,91796646,dolores.puente599@correo.com,Contraseña123
Eleuterio,Cabezas,88938028,eleuterio.cabezas600@correo.com,Contraseña123
Anita,Solano,47280152,anita.solano601@correo.com,Contraseña123
Amanda,Arregui,85247006,amanda.arregui602@correo.com,Contraseña123
Imelda,Iborra,35471050,imelda.iborra603@correo.com,Contraseña123
Fátima,Montero,43828153,fátima.montero604@correo.com,Contraseña123
Reynaldo,Saura,53590076,reynaldo.saura605@correo.com,Contraseña123
Fabricio,Vázquez,73064944,fabricio.vázquez606@correo.com,Contraseña123
Marcelo,Román,14664945,marcelo.román607@correo.com,Contraseña123
Abigaíl,Ropero,19921096,abigaíl.ropero608@correo.com,Contraseña123
Ángel,Salgado,43276028,ángel.salgado609@correo.com,Contraseña123
Ariadna,Gisbert,41864993,ariadna.gisbert610@correo.com,Contraseña123
Victorino,Rosell,78593165,victorino.rosell611@correo.com,Contraseña123
Ruth,Pablo,51402859,ruth.pablo612@correo.com,Contraseña123
Gertrudis,Arellano,24177857,gertrudis.arellano613@correo.com,Contraseña123
Angelina,Barragán,29054812,angelina.barragán614@correo.com,Contraseña123
Nidia,Carrillo,99162849,nidia.carrillo615@correo.com,Contraseña123
Paca,Aznar,41693175,paca.aznar616@correo.com,Contraseña123
Gonzalo,González,84586661,gonzalo.gonzález617@correo.com,Contraseña123
Severiano,Enríquez,47885254,severiano.enríquez618@correo.com,Contraseña123
Encarna,Serna,59243882,encarna.serna619@correo.com,Contraseña123
Daniela,Casals,64009413,daniela.casals620@correo.com,Contraseña123
Clara,Ruano,63431629,clara.ruano621@correo.com,Contraseña123
Bonifacio,Pol,56247317,bonifacio.pol622@correo.com,Contraseña123
Renata,Vara,91544539,renata.vara623@correo.com,Contraseña123
Cipriano,Mancebo,40804173,cipriano.mancebo624@correo.com,Contraseña123
Bartolomé,Vilar,62913384,bartolomé.vilar625@correo.com,Contraseña123
Onofre,Carpio,92597419,onofre.carpio626@correo.com,Contraseña123
Berta,Nogués,72686581,berta.nogués627@correo.com,Contraseña123
Ileana,Navarrete,83981597,ileana.navarrete628@correo.com,Contraseña123
Chus,Elorza,35317167,chus.elorza629@correo.com,Contraseña123
Buenaventura,Zaragoza,42928740,buenaventura.zaragoza630@correo.com,Contraseña123
Jimena,Amorós,12432796,jimena.amorós631@correo.com,Contraseña123
Óscar,Figuerola,13717875,óscar.figuerola632@correo.com,Contraseña123
Benigno,Lluch,72191034,benigno.lluch633@correo.com,Contraseña123
Rosario,Zamorano,90302284,rosario.zamorano634@correo.com,Contraseña123
Genoveva,Ávila,37305354,genoveva.ávila635@correo.com,Contraseña123
Américo,Talavera,16393509,américo.talavera636@correo.com,Contraseña123
Nacho,Ballesteros,91252157,nacho.ballesteros637@correo.com,Contraseña123
Trinidad,Quintanilla,74478244,trinidad.quintanilla638@correo.com,Contraseña123
Abril,Ricart,74525040,abril.ricart639@correo.com,Contraseña123
Prudencia,Fuentes,24383413,prudencia.fuentes640@correo.com,Contraseña123
Alba,Fortuny,20785832,alba.fortuny641@correo.com,Contraseña123
Germán,Peñalver,11978539,germán.peñalver642@correo.com,Contraseña123
Ana Belén,Vaquero,87381466,ana belén.vaquero643@correo.com,Contraseña123
Juanita,Ferrer,11781469,juanita.ferrer644@correo.com,Contraseña123
Ema,Milla,30157196,ema.milla645@correo.com,Contraseña123
Griselda,Pavón,85823134,griselda.pavón646@correo.com,Contraseña123
Ester,Salvà,43209560,ester.salvà647@correo.com,Contraseña123
Socorro,Arana,63352435,socorro.arana648@correo.com,Contraseña123
Yago,Molins,89085447,yago.molins649@correo.com,Contraseña123
Noa,Arnaiz,62221960,noa.arnaiz650@correo.com,Contraseña123
Marta,Miguel,93691136,marta.miguel651@correo.com,Contraseña123
Priscila,Abad,48477421,priscila.abad652@correo.com,Contraseña123
Natalio,Solís,80166458,natalio.solís653@correo.com,Contraseña123
Severo,Perelló,91262527,severo.perelló654@correo.com,Contraseña123
Blas,Blázquez,54108492,blas.blázquez655@correo.com,Contraseña123
Matías,Paredes,32300420,matías.paredes656@correo.com,Contraseña123
Azahara,Arteaga,57144675,azahara.arteaga657@correo.com,Contraseña123
Amaya,Huertas,35666869,amaya.huertas658@correo.com,Contraseña123
Ángeles,Diego,88085233,ángeles.diego659@correo.com,Contraseña123
Sandalio,Ferrándiz,84229957,sandalio.ferrándiz660@correo.com,Contraseña123
Jordi,Bermudez,20688274,jordi.bermudez661@correo.com,Contraseña123
Hermenegildo,Jerez,40712074,hermenegildo.jerez662@correo.com,Contraseña123
Lucas,Vázquez,84663861,lucas.vázquez663@correo.com,Contraseña123
Ciriaco,Segarra,52829091,ciriaco.segarra664@correo.com,Contraseña123
Amada,Segura,93340209,amada.segura665@correo.com,Contraseña123
Encarnita,Barrena,77939365,encarnita.barrena666@correo.com,Contraseña123
Samu,Requena,32475333,samu.requena667@correo.com,Contraseña123
Edelmiro,Ballesteros,16933864,edelmiro.ballesteros668@correo.com,Contraseña123
María Ángeles,Carrera,82089145,maría ángeles.carrera669@correo.com,Contraseña123
Melchor,Arranz,69321471,melchor.arranz670@correo.com,Contraseña123
Benito,Tello,36181424,benito.tello671@correo.com,Contraseña123
Óscar,Iglesias,35850016,óscar.iglesias672@correo.com,Contraseña123
Jose Ignacio,Iglesias,48631560,jose ignacio.iglesias673@correo.com,Contraseña123
Serafina,Doménech,89827556,serafina.doménech674@correo.com,Contraseña123
Julia,Cantón,26628108,julia.cantón675@correo.com,Contraseña123
Balduino,Escalona,86085719,balduino.escalona676@correo.com,Contraseña123
José Mari,Acedo,64160708,josé mari.acedo677@correo.com,Contraseña123
Javi,Jáuregui,78405490,javi.jáuregui678@correo.com,Contraseña123
Ani,Goñi,84674357,ani.goñi679@correo.com,Contraseña123
Palmira,Feliu,74575809,palmira.feliu680@correo.com,Contraseña123
Reyna,Jaume,33970389,reyna.jaume681@correo.com,Contraseña123
Emigdio,Sanchez,95693898,emigdio.sanchez682@correo.com,Contraseña123
Gervasio,Manso,22498473,gervasio.manso683@correo.com,Contraseña123
Violeta,Ayuso,42687839,violeta.ayuso684@correo.com,Contraseña123
Nicolasa,Verdú,79959835,nicolasa.verdú685@correo.com,Contraseña123
Consuela,Daza,46148912,consuela.daza686@correo.com,Contraseña123
María,Baena,95149733,maría.baena687@correo.com,Contraseña123
Aitor,Osorio,88191343,aitor.osorio688@correo.com,Contraseña123
Amor,Rivas,88581089,amor.rivas689@correo.com,Contraseña123
Teófila,Vergara,66213711,teófila.vergara690@correo.com,Contraseña123
Martin,Jordá,35597600,martin.jordá691@correo.com,Contraseña123
Dalila,Franco,65270587,dalila.franco692@correo.com,Contraseña123
Emilio,Villanueva,95807068,emilio.villanueva693@correo.com,Contraseña123
Araceli,Llano,93132962,araceli.llano694@correo.com,Contraseña123
Angelino,Beltrán,81593763,angelino.beltrán695@correo.com,Contraseña123
Elba,Guillen,62943519,elba.guillen696@correo.com,Contraseña123
Brígida,Milla,56781380,brígida.milla697@correo.com,Contraseña123
Mariana,Llorens,86111026,mariana.llorens698@correo.com,Contraseña123
Horacio,Baró,42327465,horacio.baró699@correo.com,Contraseña123
Angélica,Coello,36328410,angélica.coello700@correo.com,Contraseña123
Fortunata,Montoya,66388038,fortunata.montoya701@correo.com,Contraseña123
América,Revilla,49876482,américa.revilla702@correo.com,Contraseña123
Eleuterio,Cortés,65385158,eleuterio.cortés703@correo.com,Contraseña123
Iris,Galindo,38793776,iris.galindo704@correo.com,Contraseña123
Onofre,Barrio,18347558,onofre.barrio705@correo.com,Contraseña123
Javiera,Galán,90134440,javiera.galán706@correo.com,Contraseña123
Jonatan,Aparicio,68600640,jonatan.aparicio707@correo.com,Contraseña123
Emperatriz,Barón,37053043,emperatriz.barón708@correo.com,Contraseña123
Eusebia,Ibañez,54030378,eusebia.ibañez709@correo.com,Contraseña123
Gaspar,Villegas,43669698,gaspar.villegas710@correo.com,Contraseña123
Emilio,Barba,16741428,emilio.barba711@correo.com,Contraseña123
Araceli,Roig,23772729,araceli.roig712@correo.com,Contraseña123
Francisco Javier,Peñalver,82417854,francisco javier.peñalver713@correo.com,Contraseña123
Cayetano,Anaya,45928689,cayetano.anaya714@correo.com,Contraseña123
Nico,Esparza,13771357,nico.esparza715@correo.com,Contraseña123
Nayara,Quevedo,84651366,nayara.quevedo716@correo.com,Contraseña123
Óscar,Coloma,83556359,óscar.coloma717@correo.com,Contraseña123
Abigaíl,Solís,11989179,abigaíl.solís718@correo.com,Contraseña123
Remigio,Morales,44124194,remigio.morales719@correo.com,Contraseña123
Darío,Bustos,51058612,darío.bustos720@correo.com,Contraseña123
Víctor,Godoy,58800623,víctor.godoy721@correo.com,Contraseña123
Adalberto,Arregui,97024915,adalberto.arregui722@correo.com,Contraseña123
Teodosio,Anguita,97168933,teodosio.anguita723@correo.com,Contraseña123
Toribio,Lillo,73865359,toribio.lillo724@correo.com,Contraseña123
Carlito,Rosa,55832291,carlito.rosa725@correo.com,Contraseña123
Caridad,Román,65056225,caridad.román726@correo.com,Contraseña123
Leonardo,Pellicer,81015075,leonardo.pellicer727@correo.com,Contraseña123
Jose Miguel,Girón,57241733,jose miguel.girón728@correo.com,Contraseña123
Borja,Castilla,98139683,borja.castilla729@correo.com,Contraseña123
Marciano,Escudero,13931345,marciano.escudero730@correo.com,Contraseña123
Chus,Royo,99297523,chus.royo731@correo.com,Contraseña123
Marcio,Salom,39814259,marcio.salom732@correo.com,Contraseña123
Joaquín,Mora,19267831,joaquín.mora733@correo.com,Contraseña123
Carmelo,Amaya,30286978,carmelo.amaya734@correo.com,Contraseña123
Francisco,Murillo,51849224,francisco.murillo735@correo.com,Contraseña123
Coral,Puerta,28133271,coral.puerta736@correo.com,Contraseña123
Matías,Pedro,17925135,matías.pedro737@correo.com,Contraseña123
Guiomar,Saavedra,21420628,guiomar.saavedra738@correo.com,Contraseña123
Armando,Aparicio,39713724,armando.aparicio739@correo.com,Contraseña123
Lorenza,Espejo,92635550,lorenza.espejo740@correo.com,Contraseña123
Juan Pablo,Castañeda,33427498,juan pablo.castañeda741@correo.com,Contraseña123
Lisandro,Olivares,55762358,lisandro.olivares742@correo.com,Contraseña123
Alejo,Diego,82723922,alejo.diego743@correo.com,Contraseña123
Casemiro,Morante,37733568,casemiro.morante744@correo.com,Contraseña123
Pepito,Girona,42175581,pepito.girona745@correo.com,Contraseña123
Águeda,Pintor,58333480,águeda.pintor746@correo.com,Contraseña123
Irma,Folch,72838014,irma.folch747@correo.com,Contraseña123
Eutropio,Robledo,70852197,eutropio.robledo748@correo.com,Contraseña123
Elodia,Balaguer,95112912,elodia.balaguer749@correo.com,Contraseña123
Manuela,Heras,24911013,manuela.heras750@correo.com,Contraseña123
Amaro,Mendez,23110890,amaro.mendez751@correo.com,Contraseña123
Juan Pablo,Pallarès,36144769,juan pablo.pallarès752@correo.com,Contraseña123
Demetrio,Ballesteros,51938986,demetrio.ballesteros753@correo.com,Contraseña123
Mariano,Sánchez,36384059,mariano.sánchez754@correo.com,Contraseña123
Macario,Iñiguez,71402907,macario.iñiguez755@correo.com,Contraseña123
Socorro,Camino,16979481,socorro.camino756@correo.com,Contraseña123
Abigaíl,Chamorro,60881129,abigaíl.chamorro757@correo.com,Contraseña123
Nydia,Olmedo,76682417,nydia.olmedo758@correo.com,Contraseña123
Elpidio,Miralles,13993266,elpidio.miralles759@correo.com,Contraseña123
Hernando,Bravo,16612831,hernando.bravo760@correo.com,Contraseña123
Griselda,Aguilera,64419398,griselda.aguilera761@correo.com,Contraseña123
Iris,Robledo,30207049,iris.robledo762@correo.com,Contraseña123
Camila,Arce,56989776,camila.arce763@correo.com,Contraseña123
Paz,Prieto,24327986,paz.prieto764@correo.com,Contraseña123
Javier,Alfaro,35010733,javier.alfaro765@correo.com,Contraseña123
Andrés Felipe,Valenzuela,93264851,andrés felipe.valenzuela766@correo.com,Contraseña123
Custodio,Gras,84912969,custodio.gras767@correo.com,Contraseña123
Aureliano,Rodríguez,90049847,aureliano.rodríguez768@correo.com,Contraseña123
Eliana,Esteban,18950669,eliana.esteban769@correo.com,Contraseña123
Ángel,Valera,92738890,ángel.valera770@correo.com,Contraseña123
Ildefonso,Solera,43684307,ildefonso.solera771@correo.com,Contraseña123
Sosimo,Bonet,69475302,sosimo.bonet772@correo.com,Contraseña123
Augusto,Guerra,28723446,augusto.guerra773@correo.com,Contraseña123
Encarnacion,Lucas,47425122,encarnacion.lucas774@correo.com,Contraseña123
Rosa María,Mascaró,13954745,rosa maría.mascaró775@correo.com,Contraseña123
Itziar,Villalonga,34928934,itziar.villalonga776@correo.com,Contraseña123
Antonia,Navarro,67475920,antonia.navarro777@correo.com,Contraseña123
Chelo,Coll,23872022,chelo.coll778@correo.com,Contraseña123
Toño,Olivera,67829248,toño.olivera779@correo.com,Contraseña123
Visitación,Reig,37790229,visitación.reig780@correo.com,Contraseña123
Carmela,Amorós,59097364,carmela.amorós781@correo.com,Contraseña123
Montserrat,Vilalta,84490687,montserrat.vilalta782@correo.com,Contraseña123
Eligio,Mármol,24853455,eligio.mármol783@correo.com,Contraseña123
Lucila,Báez,16765008,lucila.báez784@correo.com,Contraseña123
Mateo,Pi,26366056,mateo.pi785@correo.com,Contraseña123
Adora,Ayala,25304126,adora.ayala786@correo.com,Contraseña123
Emelina,Cadenas,37862153,emelina.cadenas787@correo.com,Contraseña123
Osvaldo,Moreno,55887223,osvaldo.moreno788@correo.com,Contraseña123
Ana,Gallardo,72011484,ana.gallardo789@correo.com,Contraseña123
Aurora,Sierra,24144070,aurora.sierra790@correo.com,Contraseña123
Efraín,Verdú,18257235,efraín.verdú791@correo.com,Contraseña123
Espiridión,Carvajal,29609471,espiridión.carvajal792@correo.com,Contraseña123
Nereida,Baena,78154733,nereida.baena793@correo.com,Contraseña123
Timoteo,Aguilera,31871605,timoteo.aguilera794@correo.com,Contraseña123
Fortunato,Lledó,17164704,fortunato.lledó795@correo.com,Contraseña123
Amílcar,Sebastián,77313360,amílcar.sebastián796@correo.com,Contraseña123
Amarilis,Hoyos,14704290,amarilis.hoyos797@correo.com,Contraseña123
Hugo,Iriarte,89008372,hugo.iriarte798@correo.com,Contraseña123
Florina,Expósito,72742411,florina.expósito799@correo.com,Contraseña123
Edmundo,Alberto,70608897,edmundo.alberto800@correo.com,Contraseña123
Alberto,Nadal,20670241,alberto.nadal801@correo.com,Contraseña123
Conrado,Gárate,95476160,conrado.gárate802@correo.com,Contraseña123
Apolinar,Rocamora,61218759,apolinar.rocamora803@correo.com,Contraseña123
Manu,Isern,60125127,manu.isern804@correo.com,Contraseña123
Roldán,Velázquez,71543754,roldán.velázquez805@correo.com,Contraseña123
Dolores,Peña,35727202,dolores.peña806@correo.com,Contraseña123
Bonifacio,Villena,36842031,bonifacio.villena807@correo.com,Contraseña123
Daniela,Río,28742779,daniela.río808@correo.com,Contraseña123
Roberto,Burgos,31402017,roberto.burgos809@correo.com,Contraseña123
Aurelia,Gomez,34797436,aurelia.gomez810@correo.com,Contraseña123
Samanta,Soto,28088429,samanta.soto811@correo.com,Contraseña123
Berto,Gálvez,79558229,berto.gálvez812@correo.com,Contraseña123
Wilfredo,Iniesta,38208741,wilfredo.iniesta813@correo.com,Contraseña123
Teo,Abascal,75318317,teo.abascal814@correo.com,Contraseña123
Brunilda,Tolosa,27699026,brunilda.tolosa815@correo.com,Contraseña123
Candela,Garcia,38134750,candela.garcia816@correo.com,Contraseña123
Clara,Barranco,66727719,clara.barranco817@correo.com,Contraseña123
Camilo,Izquierdo,25764679,camilo.izquierdo818@correo.com,Contraseña123
Bartolomé,Sevilla,84967790,bartolomé.sevilla819@correo.com,Contraseña123
Celia,Torres,59874799,celia.torres820@correo.com,Contraseña123
Lino,Vazquez,21373400,lino.vazquez821@correo.com,Contraseña123
Juan Francisco,Cerdán,29445502,juan francisco.cerdán822@correo.com,Contraseña123
Jose Manuel,Puerta,65067120,jose manuel.puerta823@correo.com,Contraseña123
Débora,Pastor,63072946,débora.pastor824@correo.com,Contraseña123
Ema,Laguna,72780036,ema.laguna825@correo.com,Contraseña123
Calisto,Solís,10151223,calisto.solís826@correo.com,Contraseña123
Lidia,Castelló,26573456,lidia.castelló827@correo.com,Contraseña123
Guiomar,Casanova,49735859,guiomar.casanova828@correo.com,Contraseña123
Emiliano,Mínguez,54790441,emiliano.mínguez829@correo.com,Contraseña123
Trinidad,Requena,30914231,trinidad.requena830@correo.com,Contraseña123
Tristán,Canals,18080915,tristán.canals831@correo.com,Contraseña123
Álvaro,Cabeza,88123908,álvaro.cabeza832@correo.com,Contraseña123
Alexandra,Carnero,54231423,alexandra.carnero833@correo.com,Contraseña123
Valentina,Arroyo,77386024,valentina.arroyo834@correo.com,Contraseña123
Esmeralda,Estévez,65329544,esmeralda.estévez835@correo.com,Contraseña123
Chus,Alberola,50720007,chus.alberola836@correo.com,Contraseña123
Camilo,Galán,61951467,camilo.galán837@correo.com,Contraseña123
Quirino,Moles,57338750,quirino.moles838@correo.com,Contraseña123
Julio,Arregui,75067448,julio.arregui839@correo.com,Contraseña123
Eliana,Miranda,18540167,eliana.miranda840@correo.com,Contraseña123
Maxi,Giralt,17399757,maxi.giralt841@correo.com,Contraseña123
Pánfilo,España,35750988,pánfilo.españa842@correo.com,Contraseña123
Fermín,Rico,44316407,fermín.rico843@correo.com,Contraseña123
Édgar,Romero,66557630,édgar.romero844@correo.com,Contraseña123
Julie,Tormo,73837757,julie.tormo845@correo.com,Contraseña123
Juanito,Priego,33954996,juanito.priego846@correo.com,Contraseña123
Pía,Asenjo,37820319,pía.asenjo847@correo.com,Contraseña123
Anita,Cárdenas,86743680,anita.cárdenas848@correo.com,Contraseña123
Ciro,Baena,17169412,ciro.baena849@correo.com,Contraseña123
Marciano,Mas,82745789,marciano.mas850@correo.com,Contraseña123
Arsenio,Cañellas,11658590,arsenio.cañellas851@correo.com,Contraseña123
Adelaida,Ariza,28661292,adelaida.ariza852@correo.com,Contraseña123
Clotilde,Criado,93887264,clotilde.criado853@correo.com,Contraseña123
Sol,Morante,26268114,sol.morante854@correo.com,Contraseña123
Evita,Valderrama,11679117,evita.valderrama855@correo.com,Contraseña123
Efraín,Carbajo,59990691,efraín.carbajo856@correo.com,Contraseña123
Baudelio,Vicente,22833275,baudelio.vicente857@correo.com,Contraseña123
Paco,Vázquez,65724857,paco.vázquez858@correo.com,Contraseña123
Francisco Javier,Fuentes,16599889,francisco javier.fuentes859@correo.com,Contraseña123
Cristóbal,Bermúdez,16424495,cristóbal.bermúdez860@correo.com,Contraseña123
Leyre,Salcedo,66623310,leyre.salcedo861@correo.com,Contraseña123
Abilio,Carreño,73705224,abilio.carreño862@correo.com,Contraseña123
Olimpia,Soria,34900126,olimpia.soria863@correo.com,Contraseña123
Ibán,Grau,76589464,ibán.grau864@correo.com,Contraseña123
Efraín,Jáuregui,54641754,efraín.jáuregui865@correo.com,Contraseña123
Ximena,Jiménez,43000736,ximena.jiménez866@correo.com,Contraseña123
Mariano,Benavente,60013362,mariano.benavente867@correo.com,Contraseña123
Herminio,Piña,60112690,herminio.piña868@correo.com,Contraseña123
Angelino,Murillo,92634966,angelino.murillo869@correo.com,Contraseña123
Celestina,González,33869115,celestina.gonzález870@correo.com,Contraseña123
Jeremías,Calatayud,46320615,jeremías.calatayud871@correo.com,Contraseña123
Pablo,Gilabert,22375531,pablo.gilabert872@correo.com,Contraseña123
Maura,Chaves,47189571,maura.chaves873@correo.com,Contraseña123
Albano,Rojas,53223359,albano.rojas874@correo.com,Contraseña123
Domitila,Castrillo,24198440,domitila.castrillo875@correo.com,Contraseña123
Aránzazu,Noriega,27440752,aránzazu.noriega876@correo.com,Contraseña123
Jonatan,Aranda,89235569,jonatan.aranda877@correo.com,Contraseña123
Custodio,Mate,54040897,custodio.mate878@correo.com,Contraseña123
Felipe,Gallo,38808035,felipe.gallo879@correo.com,Contraseña123
Cecilia,Segura,35289613,cecilia.segura880@correo.com,Contraseña123
Benito,Guzman,49680580,benito.guzman881@correo.com,Contraseña123
Rodrigo,Granados,17790570,rodrigo.granados882@correo.com,Contraseña123
Pepe,Marti,70423439,pepe.marti883@correo.com,Contraseña123
Isidoro,Costa,17854369,isidoro.costa884@correo.com,Contraseña123
Fabiana,Angulo,66924074,fabiana.angulo885@correo.com,Contraseña123
Fernando,Almansa,99697651,fernando.almansa886@correo.com,Contraseña123
Néstor,Viana,13255318,néstor.viana887@correo.com,Contraseña123
Angelina,Gordillo,93446689,angelina.gordillo888@correo.com,Contraseña123
Azeneth,Madrigal,27585693,azeneth.madrigal889@correo.com,Contraseña123
Visitación,Cáceres,50138414,visitación.cáceres890@correo.com,Contraseña123
Guadalupe,Sainz,39294851,guadalupe.sainz891@correo.com,Contraseña123
Chuy,Bárcena,44784849,chuy.bárcena892@correo.com,Contraseña123
Ciro,Segovia,27812697,ciro.segovia893@correo.com,Contraseña123
Bruno,Ibarra,86061294,bruno.ibarra894@correo.com,Contraseña123
Reyna,Alcalde,67925131,reyna.alcalde895@correo.com,Contraseña123
Mamen,Chaparro,44540721,mamen.chaparro896@correo.com,Contraseña123
Miriam,Pintor,68173492,miriam.pintor897@correo.com,Contraseña123
Feliciano,Diaz,21560010,feliciano.diaz898@correo.com,Contraseña123
Olga,Prats,11255060,olga.prats899@correo.com,Contraseña123
Estrella,Millán,94049149,estrella.millán900@correo.com,Contraseña123
Tito,Puig,70859576,tito.puig901@correo.com,Contraseña123
Gustavo,Mayo,80267815,gustavo.mayo902@correo.com,Contraseña123
Mirta,Cerezo,27987798,mirta.cerezo903@correo.com,Contraseña123
Ricarda,Goñi,19530861,ricarda.goñi904@correo.com,Contraseña123
Gabriel,Mena,25173829,gabriel.mena905@correo.com,Contraseña123
Custodia,Cabezas,44056390,custodia.cabezas906@correo.com,Contraseña123
Leandra,Palomar,97770544,leandra.palomar907@correo.com,Contraseña123
Fausto,González,97641455,fausto.gonzález908@correo.com,Contraseña123
Manola,Gallart,63088040,manola.gallart909@correo.com,Contraseña123
Sabina,Giralt,57528629,sabina.giralt910@correo.com,Contraseña123
Lourdes,Heras,98462903,lourdes.heras911@correo.com,Contraseña123
Duilio,Ávila,98654933,duilio.ávila912@correo.com,Contraseña123
María José,Amigó,68972207,maría josé.amigó913@correo.com,Contraseña123
Clementina,Gómez,74949767,clementina.gómez914@correo.com,Contraseña123
Inés,Guillén,35033227,inés.guillén915@correo.com,Contraseña123
Javiera,Antúnez,16204999,javiera.antúnez916@correo.com,Contraseña123
Úrsula,Nogués,26127751,úrsula.nogués917@correo.com,Contraseña123
Bonifacio,Arranz,39738504,bonifacio.arranz918@correo.com,Contraseña123
Donato,Flores,75714541,donato.flores919@correo.com,Contraseña123
Pablo,Pascual,71635617,pablo.pascual920@correo.com,Contraseña123
Aitana,Menéndez,10090576,aitana.menéndez921@correo.com,Contraseña123
Trinidad,Dominguez,16042706,trinidad.dominguez922@correo.com,Contraseña123
Heliodoro,Barón,57852502,heliodoro.barón923@correo.com,Contraseña123
Iker,Alemany,91835054,iker.alemany924@correo.com,Contraseña123
Amelia,Vall,11664318,amelia.vall925@correo.com,Contraseña123
Delfina,Márquez,28812907,delfina.márquez926@correo.com,Contraseña123
María Manuela,Perea,43200234,maría manuela.perea927@correo.com,Contraseña123
Benito,Plana,79923960,benito.plana928@correo.com,Contraseña123
Amor,Manzano,64976760,amor.manzano929@correo.com,Contraseña123
Alfredo,Perelló,32467721,alfredo.perelló930@correo.com,Contraseña123
Toño,Cáceres,64542126,toño.cáceres931@correo.com,Contraseña123
Rómulo,Verdugo,87482710,rómulo.verdugo932@correo.com,Contraseña123
Imelda,Pazos,43722331,imelda.pazos933@correo.com,Contraseña123
Josefina,Acero,90903332,josefina.acero934@correo.com,Contraseña123
Marcela,Lasa,61239312,marcela.lasa935@correo.com,Contraseña123
Manu,Bermúdez,72009270,manu.bermúdez936@correo.com,Contraseña123
Severiano,Amores,53865691,severiano.amores937@correo.com,Contraseña123
Francisco,Prado,79306203,francisco.prado938@correo.com,Contraseña123
Clementina,Folch,22291645,clementina.folch939@correo.com,Contraseña123
Amada,Cervantes,21822192,amada.cervantes940@correo.com,Contraseña123
Ascensión,Acevedo,19510571,ascensión.acevedo941@correo.com,Contraseña123
Godofredo,Riba,87273135,godofredo.riba942@correo.com,Contraseña123
Fito,Barriga,57281533,fito.barriga943@correo.com,Contraseña123
Felipe,Alcázar,32436041,felipe.alcázar944@correo.com,Contraseña123
Feliciano,Viñas,68460522,feliciano.viñas945@correo.com,Contraseña123
Florina,Perez,26846388,florina.perez946@correo.com,Contraseña123
Dalila,Jurado,16019393,dalila.jurado947@correo.com,Contraseña123
Paloma,Pozuelo,80474234,paloma.pozuelo948@correo.com,Contraseña123
Lázaro,Llorens,26295623,lázaro.llorens949@correo.com,Contraseña123
Rodolfo,Arranz,48587166,rodolfo.arranz950@correo.com,Contraseña123
Seve,Casas,98304327,seve.casas951@correo.com,Contraseña123
Lorenzo,Abascal,93609654,lorenzo.abascal952@correo.com,Contraseña123
Aurelia,Gámez,65693004,aurelia.gámez953@correo.com,Contraseña123
Malena,Cabrera,32520033,malena.cabrera954@correo.com,Contraseña123
Camila,Tomás,41059076,camila.tomás955@correo.com,Contraseña123
Valentín,Sosa,55041391,valentín.sosa956@correo.com,Contraseña123
Ruperto,Montesinos,30797746,ruperto.montesinos957@correo.com,Contraseña123
Josefina,Llobet,32270155,josefina.llobet958@correo.com,Contraseña123
Esmeralda,Pont,78250033,esmeralda.pont959@correo.com,Contraseña123
Esperanza,Sevilla,14434470,esperanza.sevilla960@correo.com,Contraseña123
Gastón,Vidal,37923353,gastón.vidal961@correo.com,Contraseña123
Clara,Tormo,63127976,clara.tormo962@correo.com,Contraseña123
Amor,Dominguez,27327478,amor.dominguez963@correo.com,Contraseña123
Julio,Llabrés,80375314,julio.llabrés964@correo.com,Contraseña123
Manolo,Roldan,66552300,manolo.roldan965@correo.com,Contraseña123
Dionisia,Macías,62294912,dionisia.macías966@correo.com,Contraseña123
Estrella,Castells,11475517,estrella.castells967@correo.com,Contraseña123
Íngrid,Andres,75591629,íngrid.andres968@correo.com,Contraseña123
Teófilo,Riba,27103543,teófilo.riba969@correo.com,Contraseña123
Beatriz,Río,62816356,beatriz.río970@correo.com,Contraseña123
Yésica,Alcaraz,94847455,yésica.alcaraz971@correo.com,Contraseña123
Francisca,Morera,38072032,francisca.morera972@correo.com,Contraseña123
Leonor,Calvo,83285274,leonor.calvo973@correo.com,Contraseña123
Flavio,Vázquez,27813804,flavio.vázquez974@correo.com,Contraseña123
Jenaro,Alcántara,67454987,jenaro.alcántara975@correo.com,Contraseña123
Ani,Villanueva,55796036,ani.villanueva976@correo.com,Contraseña123
Hortensia,Juan,37975600,hortensia.juan977@correo.com,Contraseña123
Águeda,Moraleda,76945857,águeda.moraleda978@correo.com,Contraseña123
Paulino,Estrada,34185332,paulino.estrada979@correo.com,Contraseña123
Carla,Gonzalo,32903654,carla.gonzalo980@correo.com,Contraseña123
Felicia,Vallés,77726824,felicia.vallés981@correo.com,Contraseña123
Baltasar,Pablo,22168514,baltasar.pablo982@correo.com,Contraseña123
Juan Carlos,Alonso,29780828,juan carlos.alonso983@correo.com,Contraseña123
Raúl,Mariño,98052275,raúl.mariño984@correo.com,Contraseña123
Leocadio,Alemany,55711765,leocadio.alemany985@correo.com,Contraseña123
Zaida,Requena,18009445,zaida.requena986@correo.com,Contraseña123
Victoria,Parejo,94588357,victoria.parejo987@correo.com,Contraseña123
Cirino,Vélez,20311282,cirino.vélez988@correo.com,Contraseña123
Luisina,Nebot,53531779,luisina.nebot989@correo.com,Contraseña123
Nilda,Gomis,48014083,nilda.gomis990@correo.com,Contraseña123
Severiano,Chico,39819237,severiano.chico991@correo.com,Contraseña123
Guadalupe,Vidal,87172235,guadalupe.vidal992@correo.com,Contraseña123
Wálter,Pellicer,47044788,wálter.pellicer993@correo.com,Contraseña123
Loreto,Font,38624354,loreto.font994@correo.com,Contraseña123
Sebastian,Zurita,19012099,sebastian.zurita995@correo.com,Contraseña123
Adelina,Rubio,23078527,adelina.rubio996@correo.com,Contraseña123
Lino,Villa,66428333,lino.villa997@correo.com,Contraseña123
Goyo,León,91873586,goyo.león998@correo.com,Contraseña123
Pastora,Cerdá,77891983,pastora.cerdá999@correo.com,Contraseña123
Marianela,Fabregat,31210164,marianela.fabregat1000@correo.com,Contraseña123
